sequence	pass	status	text_changed	before_line	after_line
0	pass_fn	completed	False	308	618
1	pass_fn	completed	False	928	1238
2	pass_fn	completed	False	1548	1858
3	tirx.BindTarget	completed	True	2168	2478
4	tl.MaterializeKernelLaunch	completed	True	2789	3100
5	tl.AddWrapperForSingleBufStore	completed	False	3408	3716
6	tl.LegalizeNegativeIndex	completed	False	4024	4332
7	tl.InjectAssumes	completed	False	4640	4948
8	tl.RewriteDualCopy	completed	False	5256	5564
9	tl.LegalizeSimdMerging	completed	False	5872	6180
10	tl.Simplify	completed	False	6488	6796
11	tl.CanonicalizeLegacyReducer	completed	False	7104	7412
12	tl.VerifyReducerEpoch	completed	False	7720	8028
13	tl.VerifyBufferInit	completed	False	8336	8644
14	tl.UnrollLoopSkipVF	completed	False	8952	9260
15	tl.Simplify	completed	False	9568	9876
16	tl.AscendLayoutInference	completed	True	10184	10492
17	tl.ReducerPlanAndMaterialize	completed	False	10803	11114
18	tl.NormalizeAscendFractalStorage	completed	False	11425	11736
19	tl.InsertNd2Nz	completed	False	12047	12358
20	pass_fn	completed	False	12669	12980
21	tl.AscendInsertOOBPadding	completed	False	13291	13602
22	tl.NormalizeControlFlowForSchedule	completed	False	13913	14224
23	tl.NormalizeConflictHints	completed	False	14535	14846
24	tl.MaterializeScheduleUnits	completed	True	15157	15468
25	tl.AnnotateMultiBufferEligible	completed	False	15783	16098
26	tl.EstimateLatency	completed	True	16413	16728
27	tl.AutoSchedule	completed	True	17043	17358
28	tl.AssignCore	completed	True	17673	17988
29	tl.PrepareMultiBuffer	completed	False	18303	18618
30	tl.ResolveCore	completed	False	18933	19248
31	tl.InsertSync	completed	True	19563	19878
32	tl.MaterializeMultiBuffer	completed	False	20199	20520
33	tl.LowerScheduledTIR	completed	True	20841	21162
34	tl.RestoreWhileLoops	completed	False	21479	21796
35	tl.Simplify	completed	False	22113	22430
36	tl.NormalizeBufferVersion	completed	False	22747	23064
37	tl.AscendSimdVFLowerParallel	completed	False	23381	23698
38	tl.AscendLowerTileOp	completed	True	24015	24332
39	tl.VerifyReducerConsumed	completed	False	24649	24966
40	tl.DecoupleTypeCast	completed	False	25283	25600
41	tl.LegalizeVectorizedLoop	completed	False	25917	26234
42	tl.LegalizeSafeMemoryAccess	completed	False	26551	26868
43	tl.LowerAccessPtr	completed	False	27185	27502
44	tl.Simplify	completed	True	27819	28136
45	tl.HoistNonRestrictParams	completed	False	28453	28770
46	tl.HoistGlobalBufferAllocations	completed	False	29087	29404
47	tl.LowerOpaqueBlock	completed	True	29721	30038
48	tl.Simplify	completed	False	30062	30086
49	tl.RewriteAscendBufferVersionLayout	completed	False	30110	30134
50	tirx.NarrowDataType	completed	False	30158	30182
51	tl.FlattenBuffer	completed	True	30206	30230
52	tl.ConfigIndexBitwidth	completed	False	30254	30278
53	tirx.Simplify	completed	False	30302	30326
54	tl.VectorizeLoop	completed	False	30350	30374
55	tl.RewriteFp4ToFp4x2	completed	False	30398	30422
56	tl.LoopUnswitching	completed	False	30446	30470
57	tl.UnrollLoop	completed	False	30494	30518
58	s_tir.RenormalizeSplitPattern	completed	False	30542	30566
59	tirx.Simplify	completed	False	30590	30614
60	tl.AscendRemoveNoOp	completed	False	30638	30662
61	s_tir.InsertHoistIfThenElse	completed	False	30686	30710
62	tirx.Simplify	completed	False	30734	30758
63	tl.AscendRemoveNoOp	completed	False	30782	30806
64	tirx.VerifyMemory	completed	False	30830	30854
65	tirx.AnnotateEntryFunc	completed	True	30878	30902
66	s_tir.InferFragment	completed	False	30926	30950
67	tl.LowerThreadAllreduce	completed	False	30974	30998
68	tl.AnnotateDeviceRegions	completed	True	31022	31046
69	tl.MarkScalarDcacheBypass	completed	False	31071	31096
70	tl.SplitHostDevice	completed	True	31121	31204
71	tirx.ConvertSSA	completed	False	31146	31175
72	tl.AnnotateReadOnlyParams	completed	True	31233	31262
73	tl.MergeUBAllocations	completed	True	31291	31320
74	tl.RewriteFlagToBuf	completed	False	31348	31376
75	tl.AscendThreadSync	completed	False	31404	31432
76	tl.AscendThreadSync	completed	False	31460	31488
77	tl.MergeIfStmt	completed	False	31516	31544
78	tl.MakePackedAPI	completed	True	31572	31600
79	tl.Simplify	completed	True	31656	31712
80	tl.LowerDeviceKernelLaunch	completed	True	31768	31824
81	tirx.Filter	completed	True	31880	31936
82	tirx.Filter	completed	True	31976	32032
83	tl.LowerIntrin	completed	True	32054	32076
84	tirx.Simplify	completed	False	32102	32128
85	pass_fn	completed	False	32154	32180
